Key,Name
23001,ERIC A. ULRICH
23010,ERIC A. ULRICH
23011,ERIC A. ULRICH
23012,ERIC A. ULRICH
23013,ERIC A. ULRICH
23014,ERIC A. ULRICH
23015,ERIC A. ULRICH
23016,ERIC A. ULRICH
23017,ERIC A. ULRICH
23018,ERIC A. ULRICH
23019,ERIC A. ULRICH
23002,ERIC A. ULRICH
23020,ERIC A. ULRICH
23003,ERIC A. ULRICH
23004,ERIC A. ULRICH
23040,ERIC A. ULRICH
23041,ERIC A. ULRICH
23043,ERIC A. ULRICH
23044,ERIC A. ULRICH
23045,ERIC A. ULRICH
23046,ERIC A. ULRICH
23047,ERIC A. ULRICH
23048,ERIC A. ULRICH
23049,ERIC A. ULRICH
23005,ERIC A. ULRICH
23050,ERIC A. ULRICH
23051,ERIC A. ULRICH
23052,ERIC A. ULRICH
23053,ERIC A. ULRICH
23054,ERIC A. ULRICH
23055,ERIC A. ULRICH
23056,ERIC A. ULRICH
23057,ERIC A. ULRICH
23058,ERIC A. ULRICH
23059,ERIC A. ULRICH
23006,ERIC A. ULRICH
23060,ERIC A. ULRICH
23061,ERIC A. ULRICH
23062,ERIC A. ULRICH
23063,ERIC A. ULRICH
23064,ERIC A. ULRICH
23065,ERIC A. ULRICH
23066,ERIC A. ULRICH
23067,ERIC A. ULRICH
23068,ERIC A. ULRICH
23069,ERIC A. ULRICH
23007,ERIC A. ULRICH
23070,ERIC A. ULRICH
23077,ERIC A. ULRICH
23078,ERIC A. ULRICH
23079,ERIC A. ULRICH
23008,ERIC A. ULRICH
23080,ERIC A. ULRICH
23084,ERIC A. ULRICH
23085,ERIC A. ULRICH
23086,ERIC A. ULRICH
23087,ERIC A. ULRICH
23089,ERIC A. ULRICH
23009,ERIC A. ULRICH
23090,ERIC A. ULRICH
23091,ERIC A. ULRICH
23092,ERIC A. ULRICH
23093,ERIC A. ULRICH
28001,ERIC A. ULRICH
28013,ERIC A. ULRICH
28002,ERIC A. ULRICH
28003,ERIC A. ULRICH
28004,ERIC A. ULRICH
28009,ERIC A. ULRICH
31001,ERIC A. ULRICH
31023,ERIC A. ULRICH
31026,ERIC A. ULRICH
31027,ERIC A. ULRICH
31028,ERIC A. ULRICH
31030,ERIC A. ULRICH
31031,ERIC A. ULRICH
31066,ERIC A. ULRICH
31071,ERIC A. ULRICH
31008,ERIC A. ULRICH
31080,ERIC A. ULRICH
38027,ERIC A. ULRICH
38029,ERIC A. ULRICH
38030,ERIC A. ULRICH
38031,ERIC A. ULRICH
38032,ERIC A. ULRICH
38033,ERIC A. ULRICH
38034,ERIC A. ULRICH
38035,ERIC A. ULRICH
38036,ERIC A. ULRICH
38037,ERIC A. ULRICH
38044,ERIC A. ULRICH
38046,ERIC A. ULRICH
38047,ERIC A. ULRICH
38048,ERIC A. ULRICH
38049,ERIC A. ULRICH
38050,ERIC A. ULRICH
38051,ERIC A. ULRICH
38052,ERIC A. ULRICH
38054,ERIC A. ULRICH
38055,ERIC A. ULRICH
38056,ERIC A. ULRICH
38057,ERIC A. ULRICH
38058,ERIC A. ULRICH
38059,ERIC A. ULRICH
38063,ERIC A. ULRICH
38071,ERIC A. ULRICH
40001,RON KIM
40010,RON KIM
40011,RON KIM
40012,RON KIM
40013,RON KIM
40014,RON KIM
40015,RON KIM
40016,RON KIM
40017,RON KIM
40018,RON KIM
40019,RON KIM
40002,RON KIM
40020,RON KIM
40021,RON KIM
40022,RON KIM
40023,RON KIM
40024,RON KIM
40025,RON KIM
40026,RON KIM
40027,RON KIM
40028,RON KIM
40029,RON KIM
40003,RON KIM
40030,RON KIM
40031,RON KIM
40032,RON KIM
40033,RON KIM
40034,RON KIM
40035,RON KIM
40036,RON KIM
40037,RON KIM
40038,RON KIM
40039,RON KIM
40004,RON KIM
40040,RON KIM
40041,RON KIM
40042,RON KIM
40043,RON KIM
40044,RON KIM
40045,RON KIM
40046,RON KIM
40047,RON KIM
40048,RON KIM
40049,RON KIM
40005,RON KIM
40050,RON KIM
40051,RON KIM
40052,RON KIM
40053,RON KIM
40054,RON KIM
40055,RON KIM
40056,RON KIM
40057,RON KIM
40058,RON KIM
40059,RON KIM
40006,RON KIM
40060,RON KIM
40007,RON KIM
40008,RON KIM
40009,RON KIM
41011,JUMAANE D. WILLIAMS
41012,JUMAANE D. WILLIAMS
41013,JUMAANE D. WILLIAMS
41015,JUMAANE D. WILLIAMS
41016,JUMAANE D. WILLIAMS
41019,JUMAANE D. WILLIAMS
41020,JUMAANE D. WILLIAMS
41021,JUMAANE D. WILLIAMS
41023,JUMAANE D. WILLIAMS
41024,JUMAANE D. WILLIAMS
41025,JUMAANE D. WILLIAMS
41026,JUMAANE D. WILLIAMS
41027,JUMAANE D. WILLIAMS
41028,JUMAANE D. WILLIAMS
41029,JUMAANE D. WILLIAMS
41030,JUMAANE D. WILLIAMS
41031,JUMAANE D. WILLIAMS
41032,JUMAANE D. WILLIAMS
41033,JUMAANE D. WILLIAMS
41034,JUMAANE D. WILLIAMS
41039,JUMAANE D. WILLIAMS
41040,JUMAANE D. WILLIAMS
41041,JUMAANE D. WILLIAMS
41043,JUMAANE D. WILLIAMS
41045,JUMAANE D. WILLIAMS
41047,JUMAANE D. WILLIAMS
41048,JUMAANE D. WILLIAMS
41050,JUMAANE D. WILLIAMS
41051,JUMAANE D. WILLIAMS
41052,JUMAANE D. WILLIAMS
41053,JUMAANE D. WILLIAMS
41054,JUMAANE D. WILLIAMS
41055,JUMAANE D. WILLIAMS
41091,JUMAANE D. WILLIAMS
41095,JUMAANE D. WILLIAMS
41096,JUMAANE D. WILLIAMS
41097,JUMAANE D. WILLIAMS
41098,JUMAANE D. WILLIAMS
41099,JUMAANE D. WILLIAMS
42036,JUMAANE D. WILLIAMS
42037,JUMAANE D. WILLIAMS
42038,JUMAANE D. WILLIAMS
42039,JUMAANE D. WILLIAMS
42040,JUMAANE D. WILLIAMS
42041,JUMAANE D. WILLIAMS
42042,JUMAANE D. WILLIAMS
42043,JUMAANE D. WILLIAMS
42044,JUMAANE D. WILLIAMS
42045,JUMAANE D. WILLIAMS
42046,JUMAANE D. WILLIAMS
42047,JUMAANE D. WILLIAMS
42048,JUMAANE D. WILLIAMS
42049,JUMAANE D. WILLIAMS
42050,JUMAANE D. WILLIAMS
42051,JUMAANE D. WILLIAMS
42052,JUMAANE D. WILLIAMS
42053,JUMAANE D. WILLIAMS
42054,JUMAANE D. WILLIAMS
42055,JUMAANE D. WILLIAMS
42056,JUMAANE D. WILLIAMS
42057,JUMAANE D. WILLIAMS
42058,JUMAANE D. WILLIAMS
42060,JUMAANE D. WILLIAMS
42061,JUMAANE D. WILLIAMS
42062,JUMAANE D. WILLIAMS
42063,JUMAANE D. WILLIAMS
42064,JUMAANE D. WILLIAMS
42065,JUMAANE D. WILLIAMS
42069,JUMAANE D. WILLIAMS
42071,JUMAANE D. WILLIAMS
42073,JUMAANE D. WILLIAMS
42074,JUMAANE D. WILLIAMS
42080,JUMAANE D. WILLIAMS
42081,JUMAANE D. WILLIAMS
42082,JUMAANE D. WILLIAMS
44026,JUMAANE D. WILLIAMS
44027,JUMAANE D. WILLIAMS
44031,JUMAANE D. WILLIAMS
44032,JUMAANE D. WILLIAMS
48056,JUMAANE D. WILLIAMS
48057,JUMAANE D. WILLIAMS
48063,JUMAANE D. WILLIAMS
53050,RAFAEL L. ESPINAL JR.
53063,RAFAEL L. ESPINAL JR.
53064,RAFAEL L. ESPINAL JR.
53065,RAFAEL L. ESPINAL JR.
53066,RAFAEL L. ESPINAL JR.
53067,RAFAEL L. ESPINAL JR.
53068,RAFAEL L. ESPINAL JR.
53069,RAFAEL L. ESPINAL JR.
53070,RAFAEL L. ESPINAL JR.
53071,RAFAEL L. ESPINAL JR.
53072,RAFAEL L. ESPINAL JR.
53073,RAFAEL L. ESPINAL JR.
53074,RAFAEL L. ESPINAL JR.
53075,RAFAEL L. ESPINAL JR.
53076,RAFAEL L. ESPINAL JR.
53077,RAFAEL L. ESPINAL JR.
53082,RAFAEL L. ESPINAL JR.
54002,RAFAEL L. ESPINAL JR.
54003,RAFAEL L. ESPINAL JR.
54030,RAFAEL L. ESPINAL JR.
54031,RAFAEL L. ESPINAL JR.
54032,RAFAEL L. ESPINAL JR.
54033,RAFAEL L. ESPINAL JR.
54034,RAFAEL L. ESPINAL JR.
54035,RAFAEL L. ESPINAL JR.
54036,RAFAEL L. ESPINAL JR.
54037,RAFAEL L. ESPINAL JR.
54038,RAFAEL L. ESPINAL JR.
54039,RAFAEL L. ESPINAL JR.
54004,RAFAEL L. ESPINAL JR.
54040,RAFAEL L. ESPINAL JR.
54041,RAFAEL L. ESPINAL JR.
54042,RAFAEL L. ESPINAL JR.
54043,RAFAEL L. ESPINAL JR.
54044,RAFAEL L. ESPINAL JR.
54045,RAFAEL L. ESPINAL JR.
54046,RAFAEL L. ESPINAL JR.
54047,RAFAEL L. ESPINAL JR.
54048,RAFAEL L. ESPINAL JR.
54049,RAFAEL L. ESPINAL JR.
54050,RAFAEL L. ESPINAL JR.
54051,RAFAEL L. ESPINAL JR.
54052,RAFAEL L. ESPINAL JR.
54053,RAFAEL L. ESPINAL JR.
54054,RAFAEL L. ESPINAL JR.
54055,RAFAEL L. ESPINAL JR.
54056,RAFAEL L. ESPINAL JR.
54057,RAFAEL L. ESPINAL JR.
54058,RAFAEL L. ESPINAL JR.
54059,RAFAEL L. ESPINAL JR.
54006,RAFAEL L. ESPINAL JR.
54060,RAFAEL L. ESPINAL JR.
54061,RAFAEL L. ESPINAL JR.
54062,RAFAEL L. ESPINAL JR.
54063,RAFAEL L. ESPINAL JR.
54064,RAFAEL L. ESPINAL JR.
54065,RAFAEL L. ESPINAL JR.
54066,RAFAEL L. ESPINAL JR.
54067,RAFAEL L. ESPINAL JR.
54068,RAFAEL L. ESPINAL JR.
54069,RAFAEL L. ESPINAL JR.
54070,RAFAEL L. ESPINAL JR.
54071,RAFAEL L. ESPINAL JR.
54073,RAFAEL L. ESPINAL JR.
54074,RAFAEL L. ESPINAL JR.
54078,RAFAEL L. ESPINAL JR.
54079,RAFAEL L. ESPINAL JR.
54080,RAFAEL L. ESPINAL JR.
54081,RAFAEL L. ESPINAL JR.
54082,RAFAEL L. ESPINAL JR.
54083,RAFAEL L. ESPINAL JR.
54085,RAFAEL L. ESPINAL JR.
54086,RAFAEL L. ESPINAL JR.
54087,RAFAEL L. ESPINAL JR.
54088,RAFAEL L. ESPINAL JR.
54089,RAFAEL L. ESPINAL JR.
55111,RAFAEL L. ESPINAL JR.
55113,RAFAEL L. ESPINAL JR.
55014,RAFAEL L. ESPINAL JR.
55015,RAFAEL L. ESPINAL JR.
55016,RAFAEL L. ESPINAL JR.
55017,RAFAEL L. ESPINAL JR.
55025,RAFAEL L. ESPINAL JR.
55026,RAFAEL L. ESPINAL JR.
55027,RAFAEL L. ESPINAL JR.
55028,RAFAEL L. ESPINAL JR.
55029,RAFAEL L. ESPINAL JR.
55037,RAFAEL L. ESPINAL JR.
55038,RAFAEL L. ESPINAL JR.
55039,RAFAEL L. ESPINAL JR.
55040,RAFAEL L. ESPINAL JR.
55041,RAFAEL L. ESPINAL JR.
55042,RAFAEL L. ESPINAL JR.
55043,RAFAEL L. ESPINAL JR.
55044,RAFAEL L. ESPINAL JR.
55045,RAFAEL L. ESPINAL JR.
55046,RAFAEL L. ESPINAL JR.
55047,RAFAEL L. ESPINAL JR.
55048,RAFAEL L. ESPINAL JR.
55049,RAFAEL L. ESPINAL JR.
55050,RAFAEL L. ESPINAL JR.
55051,RAFAEL L. ESPINAL JR.
55054,RAFAEL L. ESPINAL JR.
55055,RAFAEL L. ESPINAL JR.
55007,RAFAEL L. ESPINAL JR.
58016,JUMAANE D. WILLIAMS
58017,JUMAANE D. WILLIAMS
58018,JUMAANE D. WILLIAMS
58019,JUMAANE D. WILLIAMS
58020,JUMAANE D. WILLIAMS
58021,JUMAANE D. WILLIAMS
58022,JUMAANE D. WILLIAMS
58023,JUMAANE D. WILLIAMS
58024,JUMAANE D. WILLIAMS
58025,JUMAANE D. WILLIAMS
58026,JUMAANE D. WILLIAMS
58027,JUMAANE D. WILLIAMS
58028,JUMAANE D. WILLIAMS
58029,JUMAANE D. WILLIAMS
58030,JUMAANE D. WILLIAMS
58031,JUMAANE D. WILLIAMS
58032,JUMAANE D. WILLIAMS
58033,JUMAANE D. WILLIAMS
58034,JUMAANE D. WILLIAMS
58035,JUMAANE D. WILLIAMS
58037,JUMAANE D. WILLIAMS
58038,JUMAANE D. WILLIAMS
58039,JUMAANE D. WILLIAMS
58041,JUMAANE D. WILLIAMS
58042,JUMAANE D. WILLIAMS
58043,JUMAANE D. WILLIAMS
58044,JUMAANE D. WILLIAMS
58049,JUMAANE D. WILLIAMS
58050,JUMAANE D. WILLIAMS
58080,JUMAANE D. WILLIAMS
58081,JUMAANE D. WILLIAMS
58083,JUMAANE D. WILLIAMS
58086,JUMAANE D. WILLIAMS
59019,JUMAANE D. WILLIAMS
59002,JUMAANE D. WILLIAMS
59023,JUMAANE D. WILLIAMS
59003,JUMAANE D. WILLIAMS
59004,JUMAANE D. WILLIAMS
59086,JUMAANE D. WILLIAMS
60011,RAFAEL L. ESPINAL JR.
60023,RAFAEL L. ESPINAL JR.
66001,BENJAMIN L. YEE
66010,BENJAMIN L. YEE
66100,BENJAMIN L. YEE
66101,BENJAMIN L. YEE
66102,BENJAMIN L. YEE
66103,BENJAMIN L. YEE
66104,BENJAMIN L. YEE
66105,BENJAMIN L. YEE
66106,BENJAMIN L. YEE
66011,BENJAMIN L. YEE
66012,BENJAMIN L. YEE
66013,BENJAMIN L. YEE
66014,BENJAMIN L. YEE
66015,BENJAMIN L. YEE
66016,BENJAMIN L. YEE
66017,BENJAMIN L. YEE
66018,BENJAMIN L. YEE
66019,BENJAMIN L. YEE
66002,BENJAMIN L. YEE
66020,BENJAMIN L. YEE
66021,BENJAMIN L. YEE
66022,BENJAMIN L. YEE
66023,BENJAMIN L. YEE
66024,BENJAMIN L. YEE
66025,BENJAMIN L. YEE
66026,BENJAMIN L. YEE
66027,BENJAMIN L. YEE
66028,BENJAMIN L. YEE
66029,BENJAMIN L. YEE
66003,BENJAMIN L. YEE
66030,BENJAMIN L. YEE
66031,BENJAMIN L. YEE
66032,BENJAMIN L. YEE
66033,BENJAMIN L. YEE
66034,BENJAMIN L. YEE
66035,BENJAMIN L. YEE
66036,BENJAMIN L. YEE
66037,BENJAMIN L. YEE
66038,BENJAMIN L. YEE
66039,BENJAMIN L. YEE
66004,BENJAMIN L. YEE
66040,BENJAMIN L. YEE
66041,BENJAMIN L. YEE
66042,BENJAMIN L. YEE
66043,BENJAMIN L. YEE
66044,BENJAMIN L. YEE
66045,BENJAMIN L. YEE
66046,BENJAMIN L. YEE
66047,BENJAMIN L. YEE
66048,BENJAMIN L. YEE
66049,BENJAMIN L. YEE
66005,BENJAMIN L. YEE
66050,BENJAMIN L. YEE
66051,BENJAMIN L. YEE
66052,BENJAMIN L. YEE
66053,BENJAMIN L. YEE
66054,BENJAMIN L. YEE
66055,BENJAMIN L. YEE
66056,BENJAMIN L. YEE
66057,BENJAMIN L. YEE
66058,BENJAMIN L. YEE
66059,BENJAMIN L. YEE
66006,BENJAMIN L. YEE
66060,BENJAMIN L. YEE
66061,BENJAMIN L. YEE
66062,BENJAMIN L. YEE
66063,BENJAMIN L. YEE
66064,BENJAMIN L. YEE
66065,BENJAMIN L. YEE
66066,BENJAMIN L. YEE
66067,BENJAMIN L. YEE
66068,BENJAMIN L. YEE
66069,BENJAMIN L. YEE
66007,BENJAMIN L. YEE
66070,BENJAMIN L. YEE
66071,BENJAMIN L. YEE
66072,BENJAMIN L. YEE
66073,BENJAMIN L. YEE
66074,BENJAMIN L. YEE
66075,BENJAMIN L. YEE
66076,BENJAMIN L. YEE
66077,BENJAMIN L. YEE
66078,BENJAMIN L. YEE
66079,BENJAMIN L. YEE
66008,BENJAMIN L. YEE
66080,BENJAMIN L. YEE
66081,BENJAMIN L. YEE
66082,BENJAMIN L. YEE
66083,BENJAMIN L. YEE
66084,BENJAMIN L. YEE
66085,BENJAMIN L. YEE
66086,BENJAMIN L. YEE
66087,BENJAMIN L. YEE
66088,BENJAMIN L. YEE
66089,BENJAMIN L. YEE
66009,BENJAMIN L. YEE
66090,BENJAMIN L. YEE
66091,BENJAMIN L. YEE
66092,BENJAMIN L. YEE
66093,BENJAMIN L. YEE
66094,BENJAMIN L. YEE
66095,BENJAMIN L. YEE
66096,BENJAMIN L. YEE
66097,BENJAMIN L. YEE
66098,BENJAMIN L. YEE
66099,BENJAMIN L. YEE
68103,MELISSA MARK-VIVERITO
68104,MELISSA MARK-VIVERITO
68110,MELISSA MARK-VIVERITO
68114,MELISSA MARK-VIVERITO
68115,MELISSA MARK-VIVERITO
68016,MELISSA MARK-VIVERITO
68017,MELISSA MARK-VIVERITO
68018,MELISSA MARK-VIVERITO
68019,MELISSA MARK-VIVERITO
68021,MELISSA MARK-VIVERITO
68022,MELISSA MARK-VIVERITO
68023,MELISSA MARK-VIVERITO
68024,MELISSA MARK-VIVERITO
68026,MELISSA MARK-VIVERITO
68027,MELISSA MARK-VIVERITO
68028,MELISSA MARK-VIVERITO
68029,MELISSA MARK-VIVERITO
68030,MELISSA MARK-VIVERITO
68032,MELISSA MARK-VIVERITO
68035,MELISSA MARK-VIVERITO
68036,MELISSA MARK-VIVERITO
68037,MELISSA MARK-VIVERITO
68038,MELISSA MARK-VIVERITO
68039,MELISSA MARK-VIVERITO
68040,MELISSA MARK-VIVERITO
68041,MELISSA MARK-VIVERITO
68042,MELISSA MARK-VIVERITO
68043,MELISSA MARK-VIVERITO
68044,MELISSA MARK-VIVERITO
68045,MELISSA MARK-VIVERITO
68046,MELISSA MARK-VIVERITO
68047,MELISSA MARK-VIVERITO
68048,MELISSA MARK-VIVERITO
68049,MELISSA MARK-VIVERITO
68050,MELISSA MARK-VIVERITO
68051,MELISSA MARK-VIVERITO
68052,MELISSA MARK-VIVERITO
68053,MELISSA MARK-VIVERITO
68054,MELISSA MARK-VIVERITO
68055,MELISSA MARK-VIVERITO
68056,MELISSA MARK-VIVERITO
68063,MELISSA MARK-VIVERITO
68064,MELISSA MARK-VIVERITO
68065,MELISSA MARK-VIVERITO
68066,MELISSA MARK-VIVERITO
68067,MELISSA MARK-VIVERITO
68068,MELISSA MARK-VIVERITO
68069,MELISSA MARK-VIVERITO
68070,MELISSA MARK-VIVERITO
68071,MELISSA MARK-VIVERITO
68072,MELISSA MARK-VIVERITO
68073,MELISSA MARK-VIVERITO
68075,MELISSA MARK-VIVERITO
68076,MELISSA MARK-VIVERITO
68077,MELISSA MARK-VIVERITO
68078,MELISSA MARK-VIVERITO
68079,MELISSA MARK-VIVERITO
68086,MELISSA MARK-VIVERITO
68088,MELISSA MARK-VIVERITO
68089,MELISSA MARK-VIVERITO
68090,MELISSA MARK-VIVERITO
68091,MELISSA MARK-VIVERITO
68092,MELISSA MARK-VIVERITO
68093,MELISSA MARK-VIVERITO
68094,MELISSA MARK-VIVERITO
68095,MELISSA MARK-VIVERITO
69001,DANIEL J. O'DONNELL
69010,DANIEL J. O'DONNELL
69100,DANIEL J. O'DONNELL
69101,DANIEL J. O'DONNELL
69102,DANIEL J. O'DONNELL
69103,DANIEL J. O'DONNELL
69104,DANIEL J. O'DONNELL
69105,DANIEL J. O'DONNELL
69106,DANIEL J. O'DONNELL
69107,DANIEL J. O'DONNELL
69108,DANIEL J. O'DONNELL
69109,DANIEL J. O'DONNELL
69011,DANIEL J. O'DONNELL
69110,DANIEL J. O'DONNELL
69111,DANIEL J. O'DONNELL
69112,DANIEL J. O'DONNELL
69113,DANIEL J. O'DONNELL
69114,DANIEL J. O'DONNELL
69115,DANIEL J. O'DONNELL
69012,DANIEL J. O'DONNELL
69013,DANIEL J. O'DONNELL
69014,DANIEL J. O'DONNELL
69015,DANIEL J. O'DONNELL
69016,DANIEL J. O'DONNELL
69017,DANIEL J. O'DONNELL
69018,DANIEL J. O'DONNELL
69019,DANIEL J. O'DONNELL
69002,DANIEL J. O'DONNELL
69020,DANIEL J. O'DONNELL
69021,DANIEL J. O'DONNELL
69022,DANIEL J. O'DONNELL
69023,DANIEL J. O'DONNELL
69024,DANIEL J. O'DONNELL
69025,DANIEL J. O'DONNELL
69026,DANIEL J. O'DONNELL
69027,DANIEL J. O'DONNELL
69028,DANIEL J. O'DONNELL
69029,DANIEL J. O'DONNELL
69003,DANIEL J. O'DONNELL
69030,DANIEL J. O'DONNELL
69031,DANIEL J. O'DONNELL
69032,DANIEL J. O'DONNELL
69033,DANIEL J. O'DONNELL
69034,DANIEL J. O'DONNELL
69035,DANIEL J. O'DONNELL
69036,DANIEL J. O'DONNELL
69037,DANIEL J. O'DONNELL
69038,DANIEL J. O'DONNELL
69039,DANIEL J. O'DONNELL
69004,DANIEL J. O'DONNELL
69040,DANIEL J. O'DONNELL
69041,DANIEL J. O'DONNELL
69042,DANIEL J. O'DONNELL
69043,DANIEL J. O'DONNELL
69044,DANIEL J. O'DONNELL
69045,DANIEL J. O'DONNELL
69046,DANIEL J. O'DONNELL
69047,DANIEL J. O'DONNELL
69048,DANIEL J. O'DONNELL
69049,DANIEL J. O'DONNELL
69005,DANIEL J. O'DONNELL
69050,DANIEL J. O'DONNELL
69051,DANIEL J. O'DONNELL
69052,DANIEL J. O'DONNELL
69053,DANIEL J. O'DONNELL
69054,DANIEL J. O'DONNELL
69055,DANIEL J. O'DONNELL
69056,DANIEL J. O'DONNELL
69057,DANIEL J. O'DONNELL
69058,DANIEL J. O'DONNELL
69059,DANIEL J. O'DONNELL
69006,DANIEL J. O'DONNELL
69060,DANIEL J. O'DONNELL
69061,DANIEL J. O'DONNELL
69062,DANIEL J. O'DONNELL
69063,DANIEL J. O'DONNELL
69064,DANIEL J. O'DONNELL
69065,DANIEL J. O'DONNELL
69066,DANIEL J. O'DONNELL
69067,DANIEL J. O'DONNELL
69068,DANIEL J. O'DONNELL
69069,DANIEL J. O'DONNELL
69007,DANIEL J. O'DONNELL
69070,DANIEL J. O'DONNELL
69071,DANIEL J. O'DONNELL
69072,DANIEL J. O'DONNELL
69073,DANIEL J. O'DONNELL
69074,DANIEL J. O'DONNELL
69075,DANIEL J. O'DONNELL
69076,DANIEL J. O'DONNELL
69077,DANIEL J. O'DONNELL
69078,DANIEL J. O'DONNELL
69079,DANIEL J. O'DONNELL
69008,DANIEL J. O'DONNELL
69080,DANIEL J. O'DONNELL
69081,DANIEL J. O'DONNELL
69082,DANIEL J. O'DONNELL
69083,DANIEL J. O'DONNELL
69084,DANIEL J. O'DONNELL
69085,DANIEL J. O'DONNELL
69086,DANIEL J. O'DONNELL
69087,DANIEL J. O'DONNELL
69088,DANIEL J. O'DONNELL
69089,DANIEL J. O'DONNELL
69009,DANIEL J. O'DONNELL
69090,DANIEL J. O'DONNELL
69091,DANIEL J. O'DONNELL
69092,DANIEL J. O'DONNELL
69093,DANIEL J. O'DONNELL
69094,DANIEL J. O'DONNELL
69095,DANIEL J. O'DONNELL
69096,DANIEL J. O'DONNELL
69097,DANIEL J. O'DONNELL
69098,DANIEL J. O'DONNELL
69099,DANIEL J. O'DONNELL
71010,YDANIS RODRIGUEZ
71051,YDANIS RODRIGUEZ
71052,YDANIS RODRIGUEZ
71053,YDANIS RODRIGUEZ
71057,YDANIS RODRIGUEZ
71061,YDANIS RODRIGUEZ
71062,YDANIS RODRIGUEZ
71063,YDANIS RODRIGUEZ
71064,YDANIS RODRIGUEZ
71065,YDANIS RODRIGUEZ
71066,YDANIS RODRIGUEZ
71067,YDANIS RODRIGUEZ
71069,YDANIS RODRIGUEZ
71070,YDANIS RODRIGUEZ
71072,YDANIS RODRIGUEZ
71073,YDANIS RODRIGUEZ
71074,YDANIS RODRIGUEZ
71075,YDANIS RODRIGUEZ
71076,YDANIS RODRIGUEZ
71077,YDANIS RODRIGUEZ
71078,YDANIS RODRIGUEZ
71079,YDANIS RODRIGUEZ
71080,YDANIS RODRIGUEZ
71081,YDANIS RODRIGUEZ
71082,YDANIS RODRIGUEZ
71083,YDANIS RODRIGUEZ
71084,YDANIS RODRIGUEZ
71085,YDANIS RODRIGUEZ
71086,YDANIS RODRIGUEZ
71093,YDANIS RODRIGUEZ
71097,YDANIS RODRIGUEZ
71098,YDANIS RODRIGUEZ
71099,YDANIS RODRIGUEZ
72001,YDANIS RODRIGUEZ
72010,YDANIS RODRIGUEZ
72011,YDANIS RODRIGUEZ
72012,YDANIS RODRIGUEZ
72013,YDANIS RODRIGUEZ
72014,YDANIS RODRIGUEZ
72015,YDANIS RODRIGUEZ
72016,YDANIS RODRIGUEZ
72017,YDANIS RODRIGUEZ
72018,YDANIS RODRIGUEZ
72019,YDANIS RODRIGUEZ
72002,YDANIS RODRIGUEZ
72020,YDANIS RODRIGUEZ
72021,YDANIS RODRIGUEZ
72022,YDANIS RODRIGUEZ
72023,YDANIS RODRIGUEZ
72024,YDANIS RODRIGUEZ
72025,YDANIS RODRIGUEZ
72026,YDANIS RODRIGUEZ
72027,YDANIS RODRIGUEZ
72028,YDANIS RODRIGUEZ
72029,YDANIS RODRIGUEZ
72003,YDANIS RODRIGUEZ
72030,YDANIS RODRIGUEZ
72031,YDANIS RODRIGUEZ
72032,YDANIS RODRIGUEZ
72033,YDANIS RODRIGUEZ
72034,YDANIS RODRIGUEZ
72035,YDANIS RODRIGUEZ
72036,YDANIS RODRIGUEZ
72037,YDANIS RODRIGUEZ
72038,YDANIS RODRIGUEZ
72039,YDANIS RODRIGUEZ
72004,YDANIS RODRIGUEZ
72040,YDANIS RODRIGUEZ
72041,YDANIS RODRIGUEZ
72042,YDANIS RODRIGUEZ
72043,YDANIS RODRIGUEZ
72044,YDANIS RODRIGUEZ
72045,YDANIS RODRIGUEZ
72046,YDANIS RODRIGUEZ
72047,YDANIS RODRIGUEZ
72048,YDANIS RODRIGUEZ
72049,YDANIS RODRIGUEZ
72005,YDANIS RODRIGUEZ
72050,YDANIS RODRIGUEZ
72051,YDANIS RODRIGUEZ
72052,YDANIS RODRIGUEZ
72053,YDANIS RODRIGUEZ
72054,YDANIS RODRIGUEZ
72055,YDANIS RODRIGUEZ
72056,YDANIS RODRIGUEZ
72057,YDANIS RODRIGUEZ
72058,YDANIS RODRIGUEZ
72059,YDANIS RODRIGUEZ
72006,YDANIS RODRIGUEZ
72060,YDANIS RODRIGUEZ
72061,YDANIS RODRIGUEZ
72062,YDANIS RODRIGUEZ
72063,YDANIS RODRIGUEZ
72064,YDANIS RODRIGUEZ
72065,YDANIS RODRIGUEZ
72066,YDANIS RODRIGUEZ
72067,YDANIS RODRIGUEZ
72068,YDANIS RODRIGUEZ
72069,YDANIS RODRIGUEZ
72007,YDANIS RODRIGUEZ
72070,YDANIS RODRIGUEZ
72071,YDANIS RODRIGUEZ
72072,YDANIS RODRIGUEZ
72073,YDANIS RODRIGUEZ
72074,YDANIS RODRIGUEZ
72075,YDANIS RODRIGUEZ
72076,YDANIS RODRIGUEZ
72077,YDANIS RODRIGUEZ
72078,YDANIS RODRIGUEZ
72079,YDANIS RODRIGUEZ
72008,YDANIS RODRIGUEZ
72086,YDANIS RODRIGUEZ
72087,YDANIS RODRIGUEZ
72088,YDANIS RODRIGUEZ
72089,YDANIS RODRIGUEZ
72009,YDANIS RODRIGUEZ
72090,YDANIS RODRIGUEZ
72091,YDANIS RODRIGUEZ
72092,YDANIS RODRIGUEZ
72093,YDANIS RODRIGUEZ
72094,YDANIS RODRIGUEZ
72095,YDANIS RODRIGUEZ
72096,YDANIS RODRIGUEZ
72097,YDANIS RODRIGUEZ
77001,MELISSA MARK-VIVERITO
77049,MELISSA MARK-VIVERITO
77059,MELISSA MARK-VIVERITO
77065,MELISSA MARK-VIVERITO
77066,MELISSA MARK-VIVERITO
77068,MELISSA MARK-VIVERITO
77069,MELISSA MARK-VIVERITO
79001,MICHAEL A. BLAKE
79010,MICHAEL A. BLAKE
79011,MICHAEL A. BLAKE
79012,MICHAEL A. BLAKE
79013,MICHAEL A. BLAKE
79014,MICHAEL A. BLAKE
79015,MICHAEL A. BLAKE
79016,MICHAEL A. BLAKE
79017,MICHAEL A. BLAKE
79018,MICHAEL A. BLAKE
79019,MICHAEL A. BLAKE
79002,MICHAEL A. BLAKE
79020,MICHAEL A. BLAKE
79021,MICHAEL A. BLAKE
79022,MICHAEL A. BLAKE
79023,MICHAEL A. BLAKE
79024,MICHAEL A. BLAKE
79025,MICHAEL A. BLAKE
79026,MICHAEL A. BLAKE
79027,MICHAEL A. BLAKE
79028,MICHAEL A. BLAKE
79029,MICHAEL A. BLAKE
79003,MICHAEL A. BLAKE
79030,MICHAEL A. BLAKE
79031,MICHAEL A. BLAKE
79032,MICHAEL A. BLAKE
79033,MICHAEL A. BLAKE
79034,MICHAEL A. BLAKE
79035,MICHAEL A. BLAKE
79036,MICHAEL A. BLAKE
79037,MICHAEL A. BLAKE
79038,MICHAEL A. BLAKE
79039,MICHAEL A. BLAKE
79004,MICHAEL A. BLAKE
79040,MICHAEL A. BLAKE
79041,MICHAEL A. BLAKE
79042,MICHAEL A. BLAKE
79043,MICHAEL A. BLAKE
79044,MICHAEL A. BLAKE
79045,MICHAEL A. BLAKE
79046,MICHAEL A. BLAKE
79047,MICHAEL A. BLAKE
79048,MICHAEL A. BLAKE
79049,MICHAEL A. BLAKE
79005,MICHAEL A. BLAKE
79050,MICHAEL A. BLAKE
79051,MICHAEL A. BLAKE
79052,MICHAEL A. BLAKE
79053,MICHAEL A. BLAKE
79054,MICHAEL A. BLAKE
79055,MICHAEL A. BLAKE
79056,MICHAEL A. BLAKE
79057,MICHAEL A. BLAKE
79058,MICHAEL A. BLAKE
79059,MICHAEL A. BLAKE
79006,MICHAEL A. BLAKE
79060,MICHAEL A. BLAKE
79061,MICHAEL A. BLAKE
79062,MICHAEL A. BLAKE
79063,MICHAEL A. BLAKE
79064,MICHAEL A. BLAKE
79065,MICHAEL A. BLAKE
79066,MICHAEL A. BLAKE
79067,MICHAEL A. BLAKE
79068,MICHAEL A. BLAKE
79069,MICHAEL A. BLAKE
79007,MICHAEL A. BLAKE
79070,MICHAEL A. BLAKE
79071,MICHAEL A. BLAKE
79072,MICHAEL A. BLAKE
79073,MICHAEL A. BLAKE
79074,MICHAEL A. BLAKE
79075,MICHAEL A. BLAKE
79076,MICHAEL A. BLAKE
79077,MICHAEL A. BLAKE
79078,MICHAEL A. BLAKE
79079,MICHAEL A. BLAKE
79008,MICHAEL A. BLAKE
79080,MICHAEL A. BLAKE
79081,MICHAEL A. BLAKE
79082,MICHAEL A. BLAKE
79083,MICHAEL A. BLAKE
79084,MICHAEL A. BLAKE
79085,MICHAEL A. BLAKE
79086,MICHAEL A. BLAKE
79087,MICHAEL A. BLAKE
79088,MICHAEL A. BLAKE
79089,MICHAEL A. BLAKE
79009,MICHAEL A. BLAKE
79090,MICHAEL A. BLAKE
84010,MELISSA MARK-VIVERITO
84011,MELISSA MARK-VIVERITO
84012,MELISSA MARK-VIVERITO
84013,MELISSA MARK-VIVERITO
84014,MELISSA MARK-VIVERITO
84015,MELISSA MARK-VIVERITO
84016,MELISSA MARK-VIVERITO
84018,MELISSA MARK-VIVERITO
84019,MELISSA MARK-VIVERITO
84020,MELISSA MARK-VIVERITO
84021,MELISSA MARK-VIVERITO
84023,MELISSA MARK-VIVERITO
84024,MELISSA MARK-VIVERITO
84025,MELISSA MARK-VIVERITO
84026,MELISSA MARK-VIVERITO
84027,MELISSA MARK-VIVERITO
84028,MELISSA MARK-VIVERITO
84029,MELISSA MARK-VIVERITO
84030,MELISSA MARK-VIVERITO
84031,MELISSA MARK-VIVERITO
84032,MELISSA MARK-VIVERITO
84033,MELISSA MARK-VIVERITO
84040,MELISSA MARK-VIVERITO
84041,MELISSA MARK-VIVERITO
84043,MELISSA MARK-VIVERITO
84046,MELISSA MARK-VIVERITO
84047,MELISSA MARK-VIVERITO
84049,MELISSA MARK-VIVERITO
84052,MELISSA MARK-VIVERITO
84054,MELISSA MARK-VIVERITO
84055,MELISSA MARK-VIVERITO
84056,MELISSA MARK-VIVERITO
84057,MELISSA MARK-VIVERITO
84058,MELISSA MARK-VIVERITO
84059,MELISSA MARK-VIVERITO
84060,MELISSA MARK-VIVERITO
84061,MELISSA MARK-VIVERITO
84062,MELISSA MARK-VIVERITO
84063,MELISSA MARK-VIVERITO
84064,MELISSA MARK-VIVERITO
84065,MELISSA MARK-VIVERITO
84066,MELISSA MARK-VIVERITO
84067,MELISSA MARK-VIVERITO
84068,MELISSA MARK-VIVERITO
84069,MELISSA MARK-VIVERITO
84070,MELISSA MARK-VIVERITO
84071,MELISSA MARK-VIVERITO
84072,MELISSA MARK-VIVERITO
84078,MELISSA MARK-VIVERITO
84079,MELISSA MARK-VIVERITO
84084,MELISSA MARK-VIVERITO
84085,MELISSA MARK-VIVERITO
84009,MELISSA MARK-VIVERITO
85041,MELISSA MARK-VIVERITO
85042,MELISSA MARK-VIVERITO
85085,MELISSA MARK-VIVERITO
